004950117_00640_36.jpg	Baker
004950117_00637_08.jpg	Baker
004950117_00539_07.jpg	Baker
004950117_00625_24.jpg	Baker
004950117_00540_14.jpg	Baker
004950117_00568_35.jpg	Barber
004950117_00564_22.jpg	barber
004950117_00533_00.jpg	Barber
004950117_00639_02.jpg	Barber
004950117_00540_31.jpg	Barber
004950117_00534_13.jpg	Barber
004950117_00564_26.jpg	barber
004950117_00564_37.jpg	Barber
004950117_00534_37.jpg	Barber
004950117_00533_44.jpg	Barber
004950117_00569_00.jpg	Barber
004950117_00540_13.jpg	Barber
004950117_00585_46.jpg	Book-keeper
004950117_00537_04.jpg	Book-keeper
004950117_00568_03.jpg	Book-keeper
004950117_00590_42.jpg	Book-keeper
004950117_00524_36.jpg	Bookeeper
004950117_00623_06.jpg	Book Keeper
004950117_00628_05.jpg	Bookkeeper
004950117_00577_36.jpg	Book-keeper
004950117_00589_20.jpg	Book-keeper
004950117_00633_47.jpg	Book Keeper
004950117_00535_49.jpg	Book-keeper
004950117_00582_39.jpg	Book-keeper
004950117_00581_10.jpg	Book-keeper
004950117_00553_49.jpg	Bookkeeper
004950117_00578_07.jpg	Book-keeper
004950117_00510_33.jpg	Bookeeper
004950117_00515_26.jpg	Bookeeper
004950117_00588_48.jpg	Book-keeper
004950117_00548_42.jpg	Book-keeper
004950117_00609_47.jpg	Book keeper
004950117_00571_17.jpg	Book-keeper
004950117_00577_25.jpg	Book-keeper
004950117_00589_18.jpg	Book-keeper
004950117_00629_13.jpg	Book-keeper
004950117_00542_35.jpg	Book-keeper
004950117_00580_44.jpg	Book-keeper
004950117_00596_11.jpg	Book-keeper
004950117_00548_49.jpg	Book-keeper
004950117_00522_27.jpg	Bookeeper
004950117_00601_02.jpg	Book-keeper
004950117_00582_19.jpg	Book-keeper
004950117_00623_17.jpg	Book keeper
004950117_00538_08.jpg	Book-keeper
004950117_00638_39.jpg	
004950117_00573_39.jpg	
004950117_00574_30.jpg	
004950117_00508_44.jpg	
004950117_00604_49.jpg	
004950117_00573_26.jpg	
004950117_00622_38.jpg	
004950117_00529_38.jpg	
004950117_00574_04.jpg	
004950117_00529_45.jpg	
004950117_00574_02.jpg	
004950117_00604_46.jpg	
004950117_00546_49.jpg	
004950117_00573_11.jpg	
004950117_00577_05.jpg	
004950117_00573_49.jpg	
004950117_00574_31.jpg	
004950117_00575_49.jpg	
004950117_00622_39.jpg	
004950117_00573_12.jpg	
004950117_00604_34.jpg	
004950117_00627_33.jpg	
004950117_00530_06.jpg	
004950117_00528_48.jpg	
004950117_00528_49.jpg	
004950117_00574_09.jpg	
004950117_00528_37.jpg	
004950117_00574_03.jpg	
004950117_00528_14.jpg	
004950117_00574_46.jpg	
004950117_00636_10.jpg	
004950117_00528_17.jpg	
004950117_00528_06.jpg	
004950117_00528_20.jpg	
004950117_00573_45.jpg	
004950117_00545_24.jpg	
004950117_00591_31.jpg	
004950117_00574_35.jpg	
004950117_00632_48.jpg	
004950117_00574_27.jpg	
004950117_00573_40.jpg	
004950117_00508_38.jpg	
004950117_00530_18.jpg	
004950117_00585_28.jpg	
004950117_00574_45.jpg	
004950117_00574_21.jpg	
004950117_00622_33.jpg	
004950117_00596_47.jpg	
004950117_00588_36.jpg	
004950117_00573_44.jpg	
004950117_00573_24.jpg	
004950117_00627_16.jpg	
004950117_00604_38.jpg	
004950117_00636_43.jpg	none
004950117_00530_42.jpg	
004950117_00604_45.jpg	
004950117_00528_29.jpg	
004950117_00528_44.jpg	
004950117_00529_47.jpg	
004950117_00530_33.jpg	
004950117_00528_34.jpg	
004950117_00622_46.jpg	
004950117_00604_43.jpg	
004950117_00529_24.jpg	
004950117_00574_34.jpg	
004950117_00574_18.jpg	
004950117_00574_36.jpg	
004950117_00618_49.jpg	
004950117_00529_26.jpg	
004950117_00580_31.jpg	
004950117_00529_44.jpg	
004950117_00574_22.jpg	
004950117_00508_40.jpg	
004950117_00558_49.jpg	
004950117_00604_42.jpg	
004950117_00530_34.jpg	
004950117_00574_39.jpg	
004950117_00529_28.jpg	
004950117_00529_33.jpg	
004950117_00522_03.jpg	
004950117_00622_36.jpg	
004950117_00508_35.jpg	
004950117_00622_32.jpg	
004950117_00573_14.jpg	
004950117_00528_28.jpg	
004950117_00508_48.jpg	
004950117_00528_19.jpg	
004950117_00622_37.jpg	
004950117_00622_47.jpg	
004950117_00573_17.jpg	
004950117_00606_49.jpg	
004950117_00530_22.jpg	
004950117_00530_45.jpg	
004950117_00508_36.jpg	
004950117_00574_11.jpg	
004950117_00573_43.jpg	
004950117_00573_41.jpg	
004950117_00638_16.jpg	
004950117_00530_13.jpg	
004950117_00573_35.jpg	
004950117_00622_40.jpg	
004950117_00582_37.jpg	
004950117_00574_49.jpg	
004950117_00508_47.jpg	
004950117_00604_39.jpg	
004950117_00528_36.jpg	
004950117_00528_45.jpg	
004950117_00574_25.jpg	
004950117_00573_03.jpg	
004950117_00573_02.jpg	
004950117_00582_49.jpg	
004950117_00573_47.jpg	
004950117_00528_27.jpg	
004950117_00574_16.jpg	
004950117_00637_03.jpg	
004950117_00637_02.jpg	
004950117_00529_36.jpg	
004950117_00528_12.jpg	
004950117_00574_13.jpg	
004950117_00530_15.jpg	
004950117_00530_04.jpg	
004950117_00528_15.jpg	
004950117_00604_35.jpg	
004950117_00530_47.jpg	
004950117_00573_23.jpg	
004950117_00508_43.jpg	
004950117_00622_35.jpg	
004950117_00573_15.jpg	
004950117_00530_11.jpg	
004950117_00574_00.jpg	
004950117_00529_32.jpg	
004950117_00591_49.jpg	
004950117_00508_41.jpg	
004950117_00528_41.jpg	
004950117_00573_22.jpg	
004950117_00573_09.jpg	
004950117_00530_26.jpg	
004950117_00574_40.jpg	
004950117_00528_46.jpg	
004950117_00574_42.jpg	
004950117_00530_19.jpg	
004950117_00622_41.jpg	
004950117_00530_37.jpg	
004950117_00632_18.jpg	
004950117_00528_18.jpg	
004950117_00634_07.jpg	
004950117_00528_16.jpg	
004950117_00530_00.jpg	
004950117_00529_35.jpg	
004950117_00529_49.jpg	
004950117_00530_29.jpg	
004950117_00528_25.jpg	
004950117_00574_12.jpg	
004950117_00530_24.jpg	
004950117_00577_10.jpg	
004950117_00574_33.jpg	
004950117_00543_49.jpg	
004950117_00530_44.jpg	
004950117_00530_21.jpg	
004950117_00530_30.jpg	
004950117_00573_48.jpg	
004950117_00528_07.jpg	
004950117_00508_49.jpg	
004950117_00573_28.jpg	
004950117_00528_35.jpg	
004950117_00574_19.jpg	
004950117_00530_31.jpg	
004950117_00529_09.jpg	
004950117_00574_26.jpg	
004950117_00529_37.jpg	
004950117_00600_49.jpg	
004950117_00573_05.jpg	
004950117_00604_36.jpg	
004950117_00573_20.jpg	
004950117_00604_48.jpg	
004950117_00641_35.jpg	
004950117_00530_16.jpg	
004950117_00573_32.jpg	
004950117_00602_40.jpg	
004950117_00573_16.jpg	
004950117_00528_26.jpg	
004950117_00573_06.jpg	
004950117_00622_49.jpg	
004950117_00622_31.jpg	
004950117_00529_27.jpg	
004950117_00627_32.jpg	
004950117_00573_30.jpg	
004950117_00622_34.jpg	
004950117_00635_49.jpg	
004950117_00573_36.jpg	
004950117_00574_17.jpg	
004950117_00530_36.jpg	
004950117_00622_44.jpg	
004950117_00529_34.jpg	
004950117_00528_42.jpg	
004950117_00530_32.jpg	
004950117_00573_21.jpg	
004950117_00573_46.jpg	
004950117_00530_03.jpg	
004950117_00574_10.jpg	
004950117_00530_35.jpg	
004950117_00604_41.jpg	
004950117_00574_06.jpg	
004950117_00573_07.jpg	
004950117_00533_46.jpg	
004950117_00574_38.jpg	
004950117_00508_46.jpg	
004950117_00530_08.jpg	
004950117_00573_25.jpg	
004950117_00573_42.jpg	
004950117_00601_40.jpg	
004950117_00530_14.jpg	
004950117_00638_38.jpg	
004950117_00530_28.jpg	
004950117_00528_22.jpg	
004950117_00528_09.jpg	
004950117_00528_30.jpg	
004950117_00529_29.jpg	
004950117_00528_32.jpg	
004950117_00528_13.jpg	
004950117_00533_47.jpg	
004950117_00574_41.jpg	
004950117_00578_46.jpg	
004950117_00574_20.jpg	
004950117_00529_31.jpg	
004950117_00622_48.jpg	
004950117_00530_38.jpg	
004950117_00622_42.jpg	
004950117_00573_18.jpg	
004950117_00574_14.jpg	
004950117_00530_48.jpg	
004950117_00530_27.jpg	
004950117_00602_36.jpg	
004950117_00573_27.jpg	
004950117_00573_10.jpg	
004950117_00604_40.jpg	
004950117_00533_49.jpg	
004950117_00529_42.jpg	
004950117_00528_31.jpg	
004950117_00638_17.jpg	
004950117_00508_39.jpg	
004950117_00574_08.jpg	
004950117_00530_09.jpg	
004950117_00574_07.jpg	
004950117_00528_38.jpg	
004950117_00528_10.jpg	
004950117_00530_17.jpg	
004950117_00529_41.jpg	
004950117_00602_37.jpg	
004950117_00574_01.jpg	
004950117_00528_24.jpg	
004950117_00596_46.jpg	
004950117_00533_48.jpg	
004950117_00508_45.jpg	
004950117_00530_10.jpg	
004950117_00573_13.jpg	
004950117_00574_28.jpg	
004950117_00530_41.jpg	
004950117_00638_15.jpg	
004950117_00530_07.jpg	
004950117_00574_15.jpg	
004950117_00529_39.jpg	
004950117_00622_45.jpg	
004950117_00574_29.jpg	
004950117_00530_49.jpg	
004950117_00529_40.jpg	
004950117_00604_37.jpg	
004950117_00530_02.jpg	
004950117_00530_23.jpg	
004950117_00573_38.jpg	
004950117_00576_49.jpg	
004950117_00632_49.jpg	
004950117_00530_46.jpg	
004950117_00604_33.jpg	
004950117_00508_37.jpg	
004950117_00573_31.jpg	
004950117_00529_46.jpg	
004950117_00530_39.jpg	
004950117_00601_45.jpg	
004950117_00530_40.jpg	
004950117_00574_23.jpg	
004950117_00528_08.jpg	
004950117_00530_20.jpg	
004950117_00574_24.jpg	
004950117_00622_43.jpg	
004950117_00604_47.jpg	
004950117_00529_25.jpg	
004950117_00573_29.jpg	
004950117_00530_12.jpg	
004950117_00602_35.jpg	
004950117_00632_47.jpg	none
004950117_00530_25.jpg	
004950117_00574_05.jpg	
004950117_00573_33.jpg	
004950117_00574_37.jpg	
004950117_00528_39.jpg	
004950117_00573_34.jpg	
004950117_00530_05.jpg	
004950117_00528_11.jpg	
004950117_00602_38.jpg	
004950117_00528_40.jpg	
004950117_00574_44.jpg	
004950117_00587_49.jpg	
004950117_00529_30.jpg	
004950117_00550_49.jpg	
004950117_00528_33.jpg	
004950117_00602_39.jpg	
004950117_00530_43.jpg	
004950117_00574_47.jpg	
004950117_00529_43.jpg	
004950117_00528_23.jpg	
004950117_00528_47.jpg	
004950117_00529_48.jpg	
004950117_00528_21.jpg	
004950117_00528_43.jpg	
004950117_00604_44.jpg	
004950117_00573_19.jpg	
004950117_00638_37.jpg	
004950117_00530_01.jpg	
004950117_00604_32.jpg	
004950117_00574_32.jpg	
004950117_00574_43.jpg	
004950117_00573_37.jpg	
004950117_00574_48.jpg	
004950117_00606_45.jpg	Carpenter
004950117_00579_01.jpg	Carpenter
004950117_00594_05.jpg	Carpenter
004950117_00618_00.jpg	Carpenter
004950117_00581_24.jpg	Carpenter
004950117_00542_33.jpg	Carpenter
004950117_00513_17.jpg	Carpenter
004950117_00587_04.jpg	Carpenter
004950117_00537_02.jpg	carpenter
004950117_00606_07.jpg	Carpenter
004950117_00623_49.jpg	Carpenter
004950117_00580_19.jpg	Carpenter
004950117_00572_18.jpg	Carpenter
004950117_00577_07.jpg	Carpenter
004950117_00610_34.jpg	Carpenter
004950117_00588_41.jpg	Carpenter
004950117_00542_25.jpg	Carpenter
004950117_00515_08.jpg	Carpenter
004950117_00623_47.jpg	Carpenter
004950117_00587_02.jpg	Carpenter
004950117_00515_02.jpg	Carpenter
004950117_00547_34.jpg	Carpenter
004950117_00631_40.jpg	Carpenter
004950117_00563_06.jpg	Carpenter
004950117_00611_36.jpg	Carpenter
004950117_00578_35.jpg	Carpenter
004950117_00580_16.jpg	Carpenter
004950117_00622_30.jpg	care taker
004950117_00578_22.jpg	Carpenter
004950117_00620_33.jpg	Carpenter
004950117_00610_41.jpg	Carpenter
004950117_00511_10.jpg	carpenter
004950117_00540_25.jpg	Carpenter
004950117_00584_07.jpg	Carpenter
004950117_00564_18.jpg	carpenter
004950117_00522_10.jpg	Carpenter
004950117_00547_17.jpg	Carpenter
004950117_00569_48.jpg	Carpenter
004950117_00593_02.jpg	Carpenter
004950117_00509_20.jpg	carpenter
004950117_00578_39.jpg	Carpenter
004950117_00596_05.jpg	Carpenter
004950117_00576_24.jpg	Carpenter
004950117_00584_36.jpg	Carpenter
004950117_00519_46.jpg	Carpenter
004950117_00510_03.jpg	Carpenter
004950117_00601_30.jpg	Chemist
004950117_00584_10.jpg	Chemist
004950117_00629_44.jpg	Chemist
004950117_00524_45.jpg	clerk
004950117_00509_33.jpg	clerk
004950117_00553_16.jpg	Clerk
004950117_00627_12.jpg	Clerk
004950117_00509_32.jpg	Clerk
004950117_00607_21.jpg	Clerk
004950117_00540_02.jpg	clerk
004950117_00628_04.jpg	Clerk
004950117_00518_02.jpg	Clerk
004950117_00524_31.jpg	Clerk
004950117_00539_04.jpg	Clerk
004950117_00613_29.jpg	Clerk
004950117_00588_04.jpg	Clerk
004950117_00540_15.jpg	Clerk
004950117_00577_21.jpg	Clerk
004950117_00533_37.jpg	Clerk
004950117_00541_07.jpg	Clerk
004950117_00522_04.jpg	Clerk
004950117_00556_10.jpg	Clerk
004950117_00533_30.jpg	Clerk
004950117_00610_10.jpg	Clerk
004950117_00511_48.jpg	Clerk
004950117_00526_40.jpg	Clerk
004950117_00639_24.jpg	Clerk
004950117_00571_14.jpg	Clerk
004950117_00518_00.jpg	Clerk
004950117_00608_10.jpg	Clerk
004950117_00615_02.jpg	clerk
004950117_00578_49.jpg	Clerk
004950117_00613_48.jpg	clerk
004950117_00609_45.jpg	Clerk
004950117_00524_46.jpg	Clerk
004950117_00540_42.jpg	Clerk
004950117_00605_42.jpg	Clerk
004950117_00517_37.jpg	Clerk
004950117_00517_49.jpg	Clerk
004950117_00562_24.jpg	Clerk
004950117_00640_32.jpg	Clerk
004950117_00564_42.jpg	Clerk
004950117_00537_33.jpg	Clerk
004950117_00584_44.jpg	Clerk
004950117_00578_01.jpg	Clerk
004950117_00591_36.jpg	Clerk
004950117_00516_32.jpg	Clerk
004950117_00591_39.jpg	Clerk
004950117_00638_02.jpg	Clerk
004950117_00601_35.jpg	Clerk
004950117_00639_32.jpg	Clerk
004950117_00521_21.jpg	Clerk
004950117_00541_47.jpg	Clerk
004950117_00640_46.jpg	Clerk
004950117_00521_49.jpg	Clerk
004950117_00546_44.jpg	Clerk
004950117_00520_04.jpg	Clerk
004950117_00526_27.jpg	Clerk
004950117_00591_43.jpg	Clerk
004950117_00526_05.jpg	clerk
004950117_00547_15.jpg	Clerk
004950117_00559_45.jpg	Clerk
004950117_00607_14.jpg	clerk
004950117_00510_06.jpg	Clerk
004950117_00641_00.jpg	Clerk
004950117_00522_26.jpg	clerk
004950117_00570_30.jpg	Clerk
004950117_00571_08.jpg	Clerk
004950117_00571_18.jpg	Clerk
004950117_00518_28.jpg	Clerk
004950117_00571_24.jpg	Clerk
004950117_00513_41.jpg	Clerk
004950117_00542_27.jpg	Clerk
004950117_00538_35.jpg	Clerk
004950117_00571_00.jpg	Clerk
004950117_00603_40.jpg	Clerk
004950117_00561_35.jpg	Clerk
004950117_00569_33.jpg	Clerk
004950117_00633_46.jpg	Clerk
004950117_00543_03.jpg	Clerk
004950117_00591_45.jpg	Cook
004950117_00633_09.jpg	Cook
004950117_00640_30.jpg	Cook
004950117_00612_14.jpg	Cook
004950117_00564_19.jpg	cook
004950117_00612_34.jpg	Cook
004950117_00563_47.jpg	Cook
004950117_00622_16.jpg	Cook
004950117_00539_30.jpg	Cook
004950117_00564_29.jpg	Cook
004950117_00640_43.jpg	Cook
004950117_00539_41.jpg	Cook
004950117_00566_03.jpg	Cook
004950117_00565_31.jpg	Cook
004950117_00593_25.jpg	Cook
004950117_00612_01.jpg	Cook
004950117_00539_26.jpg	Cook
004950117_00519_24.jpg	cook
004950117_00563_07.jpg	cook
004950117_00628_26.jpg	Cook
004950117_00526_30.jpg	Cook
004950117_00569_38.jpg	Cook
004950117_00541_11.jpg	Cook
004950117_00618_25.jpg	dairy operator
004950117_00618_23.jpg	dairy operator
004950117_00618_24.jpg	dairy operator
004950117_00542_46.jpg	Doctor
004950117_00526_31.jpg	Doctor
004950117_00609_10.jpg	Doctor
004950117_00514_15.jpg	Doctor
004950117_00513_09.jpg	Electrician
004950117_00611_16.jpg	Electrician
004950117_00570_13.jpg	Electrician
004950117_00509_38.jpg	Electrician
004950117_00522_13.jpg	Electrician
004950117_00629_01.jpg	Electrician
004950117_00599_28.jpg	Electrician
004950117_00614_02.jpg	electrician
004950117_00521_38.jpg	Electrician
004950117_00543_42.jpg	Electrician
004950117_00520_39.jpg	Electrician
004950117_00568_02.jpg	electrician
004950117_00592_00.jpg	Electrician
004950117_00510_47.jpg	Engineer
004950117_00564_00.jpg	Engineer
004950117_00566_07.jpg	Engineer
004950117_00522_46.jpg	Engineer
004950117_00520_36.jpg	Engineer
004950117_00566_28.jpg	Engineer
004950117_00509_36.jpg	Engineer
004950117_00523_28.jpg	Engineer
004950117_00535_06.jpg	Engineer
004950117_00566_09.jpg	Engineer
004950117_00581_44.jpg	Engineer
004950117_00630_32.jpg	Factory Worker
004950117_00576_42.jpg	Farmer
004950117_00541_21.jpg	Farmer
004950117_00572_45.jpg	Farmer
004950117_00616_17.jpg	Farmer
004950117_00546_01.jpg	Farmer
004950117_00611_39.jpg	Farmer
004950117_00619_39.jpg	Farmer
004950117_00540_29.jpg	Farmer
004950117_00598_09.jpg	Farmer
004950117_00609_07.jpg	Farmer
004950117_00548_06.jpg	Farmer
004950117_00545_16.jpg	Farmer
004950117_00620_08.jpg	Farmer
004950117_00607_28.jpg	Farmer
004950117_00620_00.jpg	Farmer
004950117_00538_09.jpg	Farmer
004950117_00608_34.jpg	Farmer
004950117_00600_07.jpg	Farmer
004950117_00616_26.jpg	Farmer
004950117_00618_08.jpg	Farmer
004950117_00598_05.jpg	Farmer
004950117_00609_39.jpg	Farmer
004950117_00614_44.jpg	Farmer
004950117_00615_26.jpg	Farmer
004950117_00619_09.jpg	Farmer
004950117_00614_39.jpg	Farmer
004950117_00608_32.jpg	Farmer
004950117_00533_33.jpg	Farmer
004950117_00612_07.jpg	Farmer
004950117_00619_28.jpg	Farmer
004950117_00610_22.jpg	Farmer
004950117_00609_25.jpg	Farmer
004950117_00572_16.jpg	Farmer
004950117_00616_48.jpg	Farmer
004950117_00611_19.jpg	Farmer
004950117_00611_37.jpg	Farmer
004950117_00602_23.jpg	Farmer
004950117_00635_25.jpg	Farmer
004950117_00612_35.jpg	Farmer
004950117_00586_18.jpg	Farmer
004950117_00630_47.jpg	Farmer
004950117_00615_48.jpg	Farmer
004950117_00622_01.jpg	Farmer
004950117_00627_39.jpg	Farmer
004950117_00615_32.jpg	Farmer
004950117_00616_28.jpg	Farmer
004950117_00602_01.jpg	Farmer
004950117_00620_22.jpg	Farmer
004950117_00572_14.jpg	Farmer
004950117_00620_28.jpg	Farmer
004950117_00598_19.jpg	Farmer
004950117_00606_34.jpg	Farmer
004950117_00600_48.jpg	Farmer
004950117_00597_22.jpg	Farmer
004950117_00626_05.jpg	Farmer
004950117_00615_35.jpg	Farmer
004950117_00626_37.jpg	Farmer
004950117_00575_27.jpg	Farmer
004950117_00578_11.jpg	Farmer
004950117_00548_16.jpg	Farmer
004950117_00547_41.jpg	farmer
004950117_00637_17.jpg	Farm Laborer
004950117_00635_34.jpg	Farm Laborer
004950117_00634_16.jpg	Farm Laborer
004950117_00632_03.jpg	Farm Laborer
004950117_00626_07.jpg	Farm Laborer
004950117_00635_42.jpg	Farm Laborer
004950117_00635_41.jpg	Farm Laborer
004950117_00637_15.jpg	Farm Laborer
004950117_00635_44.jpg	Farm Laborer
004950117_00626_06.jpg	Farm Laborer
004950117_00635_37.jpg	Farm Laborer
004950117_00635_36.jpg	Farm Laborer
004950117_00634_30.jpg	Farm Laborer
004950117_00635_35.jpg	Foreman
004950117_00634_49.jpg	Farm Laborer
004950117_00634_32.jpg	Farm Laborer
004950117_00634_42.jpg	Farm Laborer
004950117_00637_16.jpg	Farm Laborer
004950117_00626_10.jpg	Farm Laborer
004950117_00635_43.jpg	Farm Laborer
004950117_00635_29.jpg	Farm Laborer
004950117_00635_32.jpg	Farm Laborer
004950117_00635_33.jpg	Farm Laborer
004950117_00629_16.jpg	Farm Laborer
004950117_00635_31.jpg	Farm Laborer
004950117_00634_23.jpg	Farm Laborer
004950117_00635_28.jpg	Farm Laborer
004950117_00635_45.jpg	Farm Laborer
004950117_00552_49.jpg	Foreman
004950117_00578_44.jpg	Foreman
004950117_00617_19.jpg	Foreman
004950117_00620_13.jpg	Foreman
004950117_00617_15.jpg	Foreman
004950117_00609_44.jpg	Yard foreman
004950117_00614_08.jpg	Foreman
004950117_00595_39.jpg	Foreman
004950117_00614_42.jpg	Foreman
004950117_00606_47.jpg	foreman
004950117_00598_14.jpg	Foreman
004950117_00516_48.jpg	foreman
004950117_00594_49.jpg	Foreman
004950117_00620_43.jpg	Foreman
004950117_00584_32.jpg	Foreman
004950117_00510_31.jpg	Foreman
004950117_00591_14.jpg	Foreman
004950117_00621_00.jpg	Foreman
004950117_00598_03.jpg	Foreman
004950117_00572_07.jpg	Fore-man
004950117_00617_33.jpg	Foreman
004950117_00613_26.jpg	foreman
004950117_00593_45.jpg	Foreman
004950117_00617_38.jpg	Foreman
004950117_00611_10.jpg	gardener
004950117_00534_46.jpg	gardener
004950117_00608_49.jpg	gardener
004950117_00605_10.jpg	gardner
004950117_00511_27.jpg	Gardner
004950117_00611_34.jpg	gardener
004950117_00613_23.jpg	gardener
004950117_00607_35.jpg	Gardener
